{"cameraMode":{"drawMode":0,"name":"Shaded","section":"Shading Mode"},"sceneLighting":true,"audioPlay":false,"sceneViewState":{"m_AlwaysRefresh":false,"showFog":true,"showSkybox":true,"showFlares":true,"showImageEffects":true,"showParticleSystems":true,"showVisualEffectGraphs":true,"m_FxEnabled":true},"in2DMode":false,"pivot":{"x":-0.38651394844055178,"y":1.7509002685546876,"z":-1.3009326457977296},"rotation":{"x":0.10194936394691467,"y":-0.3579654395580292,"z":0.0393546037375927,"w":0.9273194670677185},"size":0.32796621322631838,"orthographic":false}