{"cameraMode":{"drawMode":0,"name":"Shaded","section":"Shading Mode"},"sceneLighting":false,"audioPlay":false,"sceneViewState":{"m_AlwaysRefresh":false,"showFog":true,"showSkybox":false,"showFlares":true,"showImageEffects":true,"showParticleSystems":true,"showVisualEffectGraphs":true,"m_FxEnabled":true},"in2DMode":false,"pivot":{"x":0.09476076811552048,"y":-0.2105351984500885,"z":0.4460947811603546},"rotation":{"x":0.12798212468624116,"y":0.031235583126544954,"z":-0.0040335990488529209,"w":0.9912773370742798},"size":0.8609013557434082,"orthographic":false}