{"cameraMode":{"drawMode":0,"name":"Shaded","section":"Shading Mode"},"sceneLighting":false,"audioPlay":false,"sceneViewState":{"m_AlwaysRefresh":false,"showFog":true,"showSkybox":false,"showFlares":true,"showImageEffects":true,"showParticleSystems":true,"showVisualEffectGraphs":true,"m_FxEnabled":true},"in2DMode":false,"pivot":{"x":0.5239309668540955,"y":1.4593610763549805,"z":0.9942455291748047},"rotation":{"x":-0.05456587299704552,"y":0.9443119764328003,"z":-0.20454247295856477,"w":-0.2519143223762512},"size":0.4579397439956665,"orthographic":false}