{"cameraMode":{"drawMode":0,"name":"Shaded","section":"Shading Mode"},"sceneLighting":false,"audioPlay":false,"sceneViewState":{"m_AlwaysRefresh":false,"showFog":true,"showSkybox":false,"showFlares":true,"showImageEffects":true,"showParticleSystems":true,"showVisualEffectGraphs":true,"m_FxEnabled":true},"in2DMode":false,"pivot":{"x":4.012068748474121,"y":1.2988007068634034,"z":-1.9574368000030518},"rotation":{"x":0.055028147995471957,"y":0.9170237183570862,"z":-0.13607202470302583,"w":0.37085267901420596},"size":4.629904270172119,"orthographic":false}