{"cameraMode":{"drawMode":0,"name":"Shaded","section":"Shading Mode"},"sceneLighting":true,"audioPlay":false,"sceneViewState":{"m_AlwaysRefresh":false,"showFog":true,"showSkybox":false,"showFlares":true,"showImageEffects":true,"showParticleSystems":true,"showVisualEffectGraphs":true,"m_FxEnabled":true},"in2DMode":false,"pivot":{"x":-0.6100000143051148,"y":1.6200000047683716,"z":-1.4500000476837159},"rotation":{"x":0.08620467036962509,"y":0.7911868095397949,"z":-0.11472515761852265,"w":0.5945000052452087},"size":0.6187666654586792,"orthographic":false}